time_utc,nav_usdg,utilisation
2026-07-06T00:00:42Z,20.020101,0.7992
2026-07-06T00:30:12Z,20.020190,0.7992
2026-07-06T06:07:48Z,20.021218,0.7992
2026-07-06T07:46:20Z,20.021518,0.7991
2026-07-06T13:30:57Z,20.022567,0.7991
2026-07-06T13:35:57Z,20.022582,0.7991
2026-07-06T13:56:27Z,20.022645,0.7991
2026-07-06T15:18:29Z,20.022894,0.7991
2026-07-06T15:29:59Z,20.022929,0.7991
2026-07-06T20:01:51Z,20.023757,0.7991
2026-07-07T01:22:27Z,20.024733,0.7990
2026-07-07T05:11:31Z,20.025430,0.7990
2026-07-07T07:08:34Z,20.025787,0.7990
2026-07-07T10:34:08Z,20.026412,0.7989
2026-07-07T10:41:38Z,20.026435,0.7989
2026-07-07T11:02:39Z,20.026499,0.7989
2026-07-07T12:09:39Z,20.026703,0.7989
2026-07-07T13:43:56Z,20.026990,0.7989
2026-07-07T13:49:56Z,20.027008,0.7989
2026-07-07T14:00:56Z,20.027042,0.7989
2026-07-07T14:20:56Z,20.027103,0.7989
2026-07-07T15:14:28Z,20.027266,0.7989
2026-07-07T15:57:28Z,20.027397,0.7989
2026-07-07T16:03:28Z,20.027415,0.7989
2026-07-07T16:16:29Z,20.027454,0.7989
2026-07-07T16:29:29Z,20.027494,0.7989
2026-07-07T18:58:02Z,20.027946,0.7989
2026-07-08T00:44:07Z,20.029000,0.7988
2026-07-08T02:06:09Z,20.029250,0.7988
2026-07-08T03:28:11Z,20.029499,0.7988
2026-07-08T05:24:13Z,20.029852,0.7988
2026-07-08T06:45:15Z,20.030099,0.7988
2026-07-08T08:11:17Z,20.030361,0.7988
2026-07-08T08:24:17Z,20.030401,0.7988
2026-07-08T08:27:17Z,20.030410,0.7988
2026-07-08T09:11:18Z,20.030544,0.7988
2026-07-08T10:42:19Z,20.030821,0.7988
2026-07-08T12:13:51Z,20.031099,0.7988
2026-07-08T13:31:22Z,20.031335,0.7987
2026-07-08T13:32:22Z,20.031338,0.7987
2026-07-08T13:46:22Z,20.031381,0.7987
2026-07-08T13:49:23Z,20.031390,0.7987
2026-07-08T13:56:23Z,20.031412,0.7987
2026-07-08T14:50:53Z,20.031577,0.7987
2026-07-08T14:54:23Z,20.031588,0.7987
2026-07-08T14:56:24Z,20.031594,0.7987
2026-07-08T15:14:24Z,20.031649,0.7987
2026-07-08T16:12:25Z,20.031826,0.7987
2026-07-08T16:20:25Z,20.031850,0.7987
2026-07-08T16:51:56Z,20.031946,0.7987
2026-07-08T17:19:27Z,20.032030,0.7987
2026-07-08T17:24:56Z,20.032046,0.7987
2026-07-08T17:36:27Z,20.032081,0.7987
2026-07-08T17:42:26Z,20.032100,0.7987
2026-07-08T18:55:28Z,20.032322,0.7987
2026-07-08T19:04:58Z,20.032351,0.7987
2026-07-08T20:12:30Z,20.032557,0.7987
2026-07-08T20:48:17Z,20.032665,0.7987
2026-07-09T00:03:51Z,20.033261,0.7987
2026-07-09T05:12:13Z,20.034199,0.7986
2026-07-09T08:06:47Z,20.034731,0.7986
2026-07-09T08:29:47Z,20.034801,0.7986
2026-07-09T12:09:21Z,20.035469,0.7986
2026-07-09T13:18:53Z,20.035681,0.7986
2026-07-09T13:30:23Z,20.035716,0.7986
2026-07-09T13:37:23Z,20.035737,0.7986
2026-07-09T14:02:23Z,20.035813,0.7986
2026-07-09T14:08:53Z,20.035833,0.7986
2026-07-09T14:16:24Z,20.035856,0.7986
2026-07-09T14:40:24Z,20.035929,0.7986
2026-07-09T14:58:24Z,20.035984,0.7986
2026-07-09T17:06:57Z,20.036375,0.7985
2026-07-09T18:30:59Z,20.036631,0.7985
2026-07-09T20:01:00Z,20.036905,0.7985
2026-07-10T00:11:38Z,20.037668,0.7985
2026-07-10T01:49:10Z,20.037965,0.7985
2026-07-10T06:25:32Z,20.038806,0.7985
2026-07-10T13:25:41Z,20.040085,0.7984
2026-07-10T13:31:10Z,20.040102,0.7984
2026-07-10T13:36:10Z,20.040117,0.7984
2026-07-10T13:39:40Z,20.040128,0.7984
2026-07-10T13:43:10Z,20.040138,0.7984
2026-07-10T13:49:10Z,20.040157,0.7984
2026-07-10T13:58:40Z,20.040186,0.7984
2026-07-10T14:14:10Z,20.040233,0.7984
2026-07-10T14:20:11Z,20.040251,0.7984
2026-07-10T15:21:42Z,20.040438,0.7984
2026-07-10T15:38:43Z,20.040490,0.7984
2026-07-10T15:42:43Z,20.040502,0.7984
2026-07-10T15:50:13Z,20.040525,0.7984
2026-07-10T16:23:43Z,20.040627,0.7984
2026-07-13T00:00:25Z,20.050785,0.7980
2026-07-13T00:11:26Z,20.070919,0.7972
2026-07-13T00:35:26Z,20.070992,0.7972
2026-07-13T00:52:56Z,20.071045,0.7972
2026-07-13T01:57:58Z,20.071243,0.7972
2026-07-13T05:27:31Z,20.071881,0.7971
2026-07-13T08:06:04Z,20.072363,0.7971
2026-07-13T08:18:09Z,20.072400,0.7971
2026-07-13T09:24:11Z,20.072601,0.7971
2026-07-13T13:32:03Z,20.073356,0.7971
2026-07-13T13:42:34Z,20.073388,0.7971
2026-07-13T13:53:33Z,20.073421,0.7971
2026-07-13T13:59:34Z,20.073440,0.7971
2026-07-13T14:11:35Z,20.073476,0.7971
2026-07-13T14:18:03Z,20.073496,0.7971
2026-07-13T14:25:03Z,20.073517,0.7971
2026-07-13T14:33:33Z,20.073543,0.7971
2026-07-13T14:55:04Z,20.073609,0.7971
2026-07-13T15:23:36Z,20.073695,0.7971
2026-07-13T15:52:07Z,20.073782,0.7971
2026-07-13T16:26:36Z,20.073887,0.7971
2026-07-13T16:36:36Z,20.073918,0.7971
2026-07-13T17:52:07Z,20.074147,0.7970
2026-07-14T00:36:11Z,20.075378,0.7970
2026-07-14T02:20:13Z,20.075694,0.7970
2026-07-14T04:59:52Z,20.076180,0.7970
2026-07-14T11:20:16Z,20.077338,0.7969
2026-07-14T11:53:47Z,20.077440,0.7969
2026-07-14T12:31:18Z,20.077554,0.7969
2026-07-14T13:10:19Z,20.077673,0.7969
2026-07-14T13:27:49Z,20.077726,0.7969
2026-07-14T13:30:49Z,20.077736,0.7969
2026-07-14T13:33:19Z,20.077743,0.7969
2026-07-14T13:40:19Z,20.077765,0.7969
2026-07-14T13:46:19Z,20.077783,0.7969
2026-07-14T14:10:50Z,20.077857,0.7969
2026-07-14T14:19:50Z,20.077885,0.7969
2026-07-14T14:34:20Z,20.077929,0.7969
2026-07-14T15:06:21Z,20.078026,0.7969
2026-07-14T15:28:21Z,20.078093,0.7969
2026-07-14T16:42:55Z,20.078320,0.7969
2026-07-14T17:01:55Z,20.078378,0.7969
2026-07-14T18:34:27Z,20.078660,0.7969
2026-07-14T19:31:28Z,20.078833,0.7969
2026-07-15T00:12:34Z,20.079689,0.7968
2026-07-15T08:10:45Z,20.081145,0.7968
2026-07-15T13:32:08Z,20.082123,0.7967
2026-07-15T13:35:08Z,20.082132,0.7967
2026-07-15T13:37:08Z,20.082138,0.7967
2026-07-15T13:51:08Z,20.082181,0.7967
2026-07-15T14:24:56Z,20.082284,0.7967
2026-07-15T15:17:27Z,20.082444,0.7967
2026-07-15T16:06:28Z,20.082593,0.7967
2026-07-15T16:35:29Z,20.082681,0.7967
2026-07-15T16:52:59Z,20.082735,0.7967
2026-07-15T17:18:30Z,20.082812,0.7967
2026-07-15T17:53:00Z,20.082917,0.7967
2026-07-15T19:02:31Z,20.083129,0.7967
2026-07-15T19:50:32Z,20.083275,0.7967
2026-07-16T00:41:37Z,20.084161,0.7966
2026-07-16T03:14:10Z,20.084626,0.7966
2026-07-16T06:36:15Z,20.085241,0.7966
2026-07-16T08:04:46Z,20.085510,0.7966
2026-07-16T11:50:21Z,20.086197,0.7966
2026-07-16T13:12:53Z,20.086448,0.7966
2026-07-16T13:37:54Z,20.086524,0.7966
2026-07-16T13:46:24Z,20.086550,0.7966
2026-07-16T13:52:54Z,20.086570,0.7966
2026-07-16T14:50:55Z,20.086747,0.7965
2026-07-16T14:54:55Z,20.086759,0.7965
2026-07-16T15:31:56Z,20.086871,0.7965
2026-07-16T17:44:28Z,20.087275,0.7965
2026-07-16T18:25:29Z,20.087400,0.7965
2026-07-16T19:26:30Z,20.087585,0.7965
2026-07-16T19:58:31Z,20.087683,0.7965
2026-07-16T22:22:03Z,20.088120,0.7965
2026-07-17T00:35:36Z,20.088526,0.7965
2026-07-17T02:16:37Z,20.088834,0.7965
2026-07-17T04:05:40Z,20.089166,0.7964
2026-07-17T05:40:42Z,20.089455,0.7964
2026-07-17T06:21:13Z,20.089579,0.7964
2026-07-17T07:09:44Z,20.089726,0.7964
2026-07-17T08:16:45Z,20.089930,0.7964
2026-07-17T09:50:47Z,20.090216,0.7964
2026-07-17T13:33:25Z,20.090894,0.7964
2026-07-17T13:38:25Z,20.090909,0.7964
2026-07-17T13:42:25Z,20.090922,0.7964
2026-07-17T13:51:26Z,20.090949,0.7964
2026-07-17T13:58:26Z,20.090970,0.7964
2026-07-17T14:00:26Z,20.090976,0.7964
2026-07-17T14:05:27Z,20.090992,0.7964
2026-07-17T14:07:26Z,20.090998,0.7964
2026-07-17T14:17:26Z,20.091028,0.7964
2026-07-17T14:21:56Z,20.091042,0.7964
2026-07-17T14:29:57Z,20.091066,0.7964
2026-07-17T15:04:57Z,20.091173,0.7964
2026-07-17T15:16:28Z,20.091208,0.7964
2026-07-17T15:37:58Z,20.091273,0.7964
2026-07-17T16:50:29Z,20.091494,0.7964
2026-07-17T17:56:30Z,20.091695,0.7963
2026-07-17T18:11:31Z,20.091741,0.7963
2026-07-17T19:08:32Z,20.091914,0.7963
2026-07-17T19:17:32Z,20.091942,0.7963
2026-07-17T19:28:32Z,20.091975,0.7963
2026-07-20T00:00:28Z,20.101570,0.7960
2026-07-20T00:11:29Z,20.121704,0.7952
2026-07-20T00:32:28Z,20.121768,0.7952
2026-07-20T10:34:10Z,20.123600,0.7951
2026-07-20T11:30:58Z,20.123773,0.7951
2026-07-20T13:33:31Z,20.124146,0.7951
2026-07-20T13:58:00Z,20.124220,0.7951
2026-07-20T14:22:36Z,20.124295,0.7951
2026-07-20T14:30:36Z,20.124319,0.7951
2026-07-20T14:54:07Z,20.124391,0.7951
2026-07-20T15:10:12Z,20.124440,0.7951
2026-07-20T16:41:44Z,20.124719,0.7950
2026-07-20T16:57:45Z,20.124767,0.7950
2026-07-20T18:02:16Z,20.124964,0.7950
2026-07-20T18:41:17Z,20.125083,0.7950
2026-07-20T19:05:47Z,20.125157,0.7950
2026-07-21T02:42:02Z,20.126546,0.7950
2026-07-21T03:51:34Z,20.126758,0.7950
2026-07-21T09:01:40Z,20.127702,0.7949
2026-07-21T13:28:17Z,20.128513,0.7949
2026-07-21T13:49:17Z,20.128577,0.7949
2026-07-21T13:58:47Z,20.128606,0.7949
2026-07-21T15:00:39Z,20.128795,0.7949
2026-07-21T16:27:41Z,20.129059,0.7949
2026-07-21T17:15:12Z,20.129204,0.7949
2026-07-21T19:55:45Z,20.129693,0.7948
2026-07-21T22:45:48Z,20.130210,0.7948
2026-07-22T05:21:57Z,20.131416,0.7948
2026-07-22T13:33:37Z,20.132913,0.7947
2026-07-22T13:45:37Z,20.132950,0.7947
2026-07-22T14:56:38Z,20.133166,0.7947
2026-07-22T15:03:39Z,20.133187,0.7947
2026-07-22T15:07:39Z,20.133199,0.7947
2026-07-22T15:10:39Z,20.133209,0.7947
2026-07-22T15:17:09Z,20.133228,0.7947
2026-07-22T15:34:39Z,20.133282,0.7947
2026-07-22T15:52:40Z,20.133336,0.7947
2026-07-22T19:54:44Z,20.134073,0.7947
2026-07-22T21:09:16Z,20.134300,0.7947
2026-07-22T21:34:47Z,20.134378,0.7947
2026-07-22T21:39:17Z,20.134392,0.7947
2026-07-23T00:07:28Z,20.134843,0.7946
2026-07-23T02:43:31Z,20.135318,0.7946
2026-07-23T04:41:35Z,20.135677,0.7946
2026-07-23T07:01:08Z,20.136102,0.7946
2026-07-23T11:36:31Z,20.136940,0.7946
2026-07-23T13:05:33Z,20.137211,0.7945
2026-07-23T13:37:03Z,20.137307,0.7945
2026-07-23T13:39:03Z,20.137313,0.7945
2026-07-23T14:20:05Z,20.137438,0.7945
2026-07-23T15:00:35Z,20.137561,0.7945
2026-07-23T15:29:06Z,20.137648,0.7945
2026-07-23T15:38:06Z,20.137676,0.7945
2026-07-23T16:02:36Z,20.137750,0.7945
2026-07-23T16:24:06Z,20.137816,0.7945
2026-07-23T18:07:39Z,20.138131,0.7945
2026-07-23T19:04:10Z,20.138303,0.7945
2026-07-23T19:58:11Z,20.138467,0.7945
2026-07-23T20:03:41Z,20.138484,0.7945
2026-07-23T21:18:13Z,20.138711,0.7945
2026-07-23T22:19:44Z,20.138898,0.7945
2026-07-24T02:54:20Z,20.139734,0.7944
2026-07-24T07:17:56Z,20.140537,0.7944
2026-07-24T12:00:02Z,20.141395,0.7944
2026-07-24T13:28:03Z,20.141663,0.7944
2026-07-24T13:36:04Z,20.141688,0.7944
2026-07-24T13:39:03Z,20.141697,0.7944
2026-07-24T13:50:04Z,20.141730,0.7944
2026-07-24T13:51:34Z,20.141735,0.7944
2026-07-24T13:54:04Z,20.141743,0.7944
2026-07-24T14:02:40Z,20.141769,0.7944
2026-07-24T14:57:10Z,20.141935,0.7944
2026-07-24T15:00:10Z,20.141944,0.7944
2026-07-24T16:04:11Z,20.142139,0.7944
2026-07-24T16:10:42Z,20.142158,0.7944
2026-07-24T16:15:42Z,20.142174,0.7944
2026-07-24T17:10:43Z,20.142341,0.7943
2026-07-24T18:22:44Z,20.142560,0.7943
2026-07-24T18:31:44Z,20.142588,0.7943
2026-07-24T18:42:45Z,20.142621,0.7943
2026-07-24T19:09:45Z,20.142703,0.7943
2026-07-24T19:57:16Z,20.142848,0.7943
2026-07-27T00:00:48Z,20.152357,0.7940
2026-07-27T01:29:25Z,20.172727,0.7932
2026-07-27T02:00:55Z,20.172823,0.7931
2026-07-27T13:27:09Z,20.174912,0.7931
2026-07-27T13:31:39Z,20.174925,0.7931
2026-07-27T13:34:09Z,20.174933,0.7931
2026-07-27T13:40:39Z,20.174953,0.7931
2026-07-27T13:43:09Z,20.174960,0.7931
2026-07-27T13:45:39Z,20.174968,0.7931
2026-07-27T13:51:09Z,20.174985,0.7931
2026-07-27T13:59:09Z,20.175009,0.7931
2026-07-27T14:17:10Z,20.175064,0.7931
2026-07-27T14:24:10Z,20.175085,0.7931
2026-07-27T14:30:40Z,20.175105,0.7931
2026-07-27T14:45:11Z,20.175149,0.7931
2026-07-27T14:47:11Z,20.175155,0.7931
2026-07-27T14:57:11Z,20.175186,0.7931
2026-07-27T15:04:41Z,20.175209,0.7931
2026-07-27T15:15:41Z,20.175242,0.7931
2026-07-27T15:33:11Z,20.175295,0.7930
2026-07-27T15:57:59Z,20.175371,0.7930
2026-07-27T16:10:59Z,20.175410,0.7930
2026-07-27T16:17:00Z,20.175429,0.7930
2026-07-27T16:59:30Z,20.175558,0.7930
2026-07-27T18:53:32Z,20.175905,0.7930
2026-07-27T23:02:37Z,20.176664,0.7930
2026-07-28T01:13:40Z,20.177062,0.7930
2026-07-28T02:17:42Z,20.177257,0.7930
2026-07-28T05:58:03Z,20.177928,0.7929
2026-07-28T07:01:34Z,20.178122,0.7929
2026-07-28T11:57:27Z,20.179022,0.7929
2026-07-28T13:08:58Z,20.179240,0.7929
2026-07-28T13:27:59Z,20.179298,0.7929
2026-07-28T13:31:29Z,20.179309,0.7929
2026-07-28T13:33:00Z,20.179313,0.7929
2026-07-28T13:43:29Z,20.179345,0.7929
2026-07-28T14:06:29Z,20.179415,0.7929
2026-07-28T14:14:29Z,20.179439,0.7929
2026-07-28T14:21:30Z,20.179461,0.7929
2026-07-28T14:27:00Z,20.179478,0.7929
2026-07-28T14:36:00Z,20.179505,0.7929
2026-07-28T14:43:30Z,20.179528,0.7929
2026-07-28T14:50:30Z,20.179549,0.7929
2026-07-28T15:05:01Z,20.179593,0.7929
2026-07-28T15:20:35Z,20.179641,0.7929
2026-07-28T15:48:06Z,20.179724,0.7929
2026-07-28T16:24:36Z,20.179835,0.7929
2026-07-28T20:03:11Z,20.180501,0.7928
2026-07-28T20:25:12Z,20.180568,0.7928
2026-07-28T22:46:14Z,20.180997,0.7928
2026-07-28T23:02:44Z,20.181047,0.7928
2026-07-28T23:44:46Z,20.181175,0.7928
2026-07-28T23:56:46Z,20.181212,0.7928
2026-07-29T01:11:17Z,20.181439,0.7928
2026-07-29T01:54:48Z,20.181571,0.7928
2026-07-29T02:31:18Z,20.181682,0.7928
2026-07-29T03:30:20Z,20.181862,0.7928
2026-07-29T04:16:50Z,20.182004,0.7928
2026-07-29T05:08:21Z,20.182160,0.7928
2026-07-29T06:50:53Z,20.182473,0.7928
2026-07-29T08:15:25Z,20.182730,0.7928
2026-07-29T08:47:26Z,20.182827,0.7928
2026-07-29T09:41:57Z,20.182993,0.7927
2026-07-29T11:00:15Z,20.183232,0.7927
2026-07-29T13:28:18Z,20.183682,0.7927
2026-07-29T13:30:18Z,20.183688,0.7927
2026-07-29T13:51:19Z,20.183752,0.7927
2026-07-29T13:55:49Z,20.183766,0.7927
2026-07-29T14:07:49Z,20.183803,0.7927
2026-07-29T14:13:49Z,20.183821,0.7927
2026-07-29T14:59:20Z,20.183959,0.7927
2026-07-29T16:02:51Z,20.184153,0.7927
2026-07-29T17:06:22Z,20.184346,0.7927
2026-07-29T18:02:53Z,20.184518,0.7927
2026-07-29T18:19:24Z,20.184569,0.7927
2026-07-29T18:37:54Z,20.184625,0.7927
2026-07-29T18:40:54Z,20.184634,0.7927
2026-07-29T18:48:24Z,20.184657,0.7927
2026-07-29T19:08:24Z,20.184718,0.7927
2026-07-29T19:21:54Z,20.184759,0.7927
2026-07-29T19:33:55Z,20.184795,0.7927
2026-07-29T19:39:24Z,20.184812,0.7927
2026-07-29T19:56:55Z,20.184865,0.7927
2026-07-29T20:09:25Z,20.184903,0.7927
2026-07-29T22:05:58Z,20.185258,0.7927
2026-07-29T22:11:58Z,20.185276,0.7927
2026-07-30T01:29:31Z,20.185878,0.7926
2026-07-30T02:58:34Z,20.186149,0.7926
2026-07-30T04:59:05Z,20.186516,0.7926
2026-07-30T05:43:36Z,20.186651,0.7926
2026-07-30T07:36:44Z,20.186996,0.7926
2026-07-30T08:26:45Z,20.187148,0.7926
2026-07-30T09:22:46Z,20.187318,0.7926
2026-07-30T10:00:47Z,20.187434,0.7926
2026-07-30T10:22:17Z,20.187500,0.7926
2026-07-30T11:47:19Z,20.187759,0.7926
2026-07-30T13:01:50Z,20.187985,0.7926
2026-07-30T13:25:51Z,20.188058,0.7925
2026-07-30T13:32:51Z,20.188080,0.7925
2026-07-30T13:34:21Z,20.188084,0.7925
2026-07-30T13:37:51Z,20.188095,0.7925
2026-07-30T13:46:21Z,20.188121,0.7925
2026-07-30T13:51:21Z,20.188136,0.7925
2026-07-30T13:59:21Z,20.188160,0.7925
2026-07-30T14:01:51Z,20.188168,0.7925
2026-07-30T14:29:22Z,20.188252,0.7925
2026-07-30T14:33:52Z,20.188266,0.7925
2026-07-30T14:43:52Z,20.188296,0.7925
2026-07-30T14:54:22Z,20.188328,0.7925
2026-07-30T15:18:52Z,20.188403,0.7925
2026-07-30T15:38:23Z,20.188462,0.7925
2026-07-30T16:04:53Z,20.188543,0.7925
2026-07-30T16:41:54Z,20.188655,0.7925
2026-07-30T17:06:55Z,20.188731,0.7925
2026-07-30T19:46:58Z,20.189219,0.7925
2026-07-30T20:20:28Z,20.189321,0.7925
2026-07-31T00:08:33Z,20.190015,0.7925
2026-07-31T01:05:04Z,20.190187,0.7925
2026-07-31T02:15:05Z,20.190400,0.7925
2026-07-31T04:32:37Z,20.190819,0.7924
2026-07-31T06:46:40Z,20.191227,0.7924
2026-07-31T07:28:11Z,20.191353,0.7924
2026-07-31T11:29:51Z,20.192089,0.7924
2026-07-31T13:28:23Z,20.192450,0.7924
2026-07-31T13:30:53Z,20.192457,0.7924
2026-07-31T13:33:23Z,20.192465,0.7924
2026-07-31T13:35:23Z,20.192471,0.7924
2026-07-31T13:42:53Z,20.192494,0.7924
2026-07-31T13:48:53Z,20.192512,0.7924
2026-07-31T13:57:24Z,20.192538,0.7924
2026-07-31T14:02:54Z,20.192555,0.7924
2026-07-31T14:07:53Z,20.192570,0.7924
2026-07-31T14:22:54Z,20.192616,0.7924
2026-07-31T14:27:24Z,20.192629,0.7924
2026-07-31T14:29:24Z,20.192635,0.7924
2026-07-31T14:47:24Z,20.192690,0.7924
2026-07-31T15:11:55Z,20.192765,0.7924
2026-07-31T15:23:26Z,20.192800,0.7924
2026-07-31T16:22:27Z,20.192980,0.7924
2026-07-31T16:29:57Z,20.193002,0.7924
2026-07-31T17:18:28Z,20.193150,0.7923
2026-07-31T19:17:59Z,20.193514,0.7923
2026-07-31T19:45:30Z,20.193598,0.7923
2026-07-31T20:02:00Z,20.193648,0.7923
2026-07-31T21:53:32Z,20.193987,0.7923
2026-08-03T00:00:22Z,20.203141,0.7920
2026-08-03T04:17:57Z,20.224025,0.7911
2026-08-03T08:03:01Z,20.224710,0.7911
2026-08-03T08:20:02Z,20.224762,0.7911
2026-08-03T11:48:36Z,20.225397,0.7911
2026-08-03T12:07:36Z,20.225455,0.7911
2026-08-03T13:17:37Z,20.225668,0.7911
2026-08-03T13:27:37Z,20.225699,0.7911
2026-08-03T13:32:37Z,20.225714,0.7911
2026-08-03T13:43:08Z,20.225746,0.7911
2026-08-03T13:48:07Z,20.225761,0.7911
2026-08-03T13:57:08Z,20.225788,0.7911
2026-08-03T13:59:08Z,20.225795,0.7911
2026-08-03T14:06:38Z,20.225817,0.7911
2026-08-03T14:09:08Z,20.225825,0.7911
2026-08-03T14:12:08Z,20.225834,0.7911
2026-08-03T14:14:38Z,20.225842,0.7911
2026-08-03T14:19:08Z,20.225855,0.7911
2026-08-03T14:41:09Z,20.225922,0.7911
2026-08-03T15:21:09Z,20.226044,0.7911
2026-08-03T17:27:12Z,20.226428,0.7910
2026-08-03T19:38:44Z,20.226828,0.7910
2026-08-03T19:54:44Z,20.226877,0.7910
2026-08-03T22:40:18Z,20.227381,0.7910
2026-08-04T00:12:49Z,20.227663,0.7910
2026-08-04T01:52:51Z,20.227967,0.7910
2026-08-04T07:31:58Z,20.229000,0.7909
2026-08-04T11:04:02Z,20.229645,0.7909
2026-08-04T11:52:33Z,20.229793,0.7909
2026-08-04T13:28:35Z,20.230085,0.7909
2026-08-04T13:56:35Z,20.230170,0.7909
2026-08-04T17:05:09Z,20.230744,0.7909
2026-08-04T18:21:41Z,20.230977,0.7909
2026-08-04T20:16:13Z,20.231326,0.7909
2026-08-04T20:21:13Z,20.231341,0.7909
2026-08-04T20:26:13Z,20.231356,0.7909
2026-08-04T20:35:43Z,20.231385,0.7909
2026-08-04T20:41:13Z,20.231402,0.7908
2026-08-04T20:44:43Z,20.231413,0.7908
2026-08-04T20:59:44Z,20.231458,0.7908
2026-08-04T21:03:44Z,20.231471,0.7908
2026-08-04T21:13:44Z,20.231501,0.7908
2026-08-04T21:16:44Z,20.231510,0.7908
2026-08-04T21:19:44Z,20.231519,0.7908
2026-08-04T23:08:46Z,20.231851,0.7908
2026-08-05T01:26:18Z,20.232270,0.7908
2026-08-05T04:56:52Z,20.232911,0.7908
2026-08-05T08:39:57Z,20.233590,0.7908
2026-08-05T13:28:19Z,20.234468,0.7907
2026-08-05T13:30:49Z,20.234475,0.7907
2026-08-05T13:38:19Z,20.234498,0.7907
2026-08-05T13:40:19Z,20.234504,0.7907
2026-08-05T13:45:19Z,20.234520,0.7907
2026-08-05T13:59:20Z,20.234562,0.7907
2026-08-05T14:31:50Z,20.234661,0.7907
2026-08-05T14:54:21Z,20.234730,0.7907
2026-08-05T15:12:51Z,20.234786,0.7907
2026-08-05T15:57:52Z,20.234923,0.7907
2026-08-05T16:04:22Z,20.234943,0.7907
2026-08-05T16:25:22Z,20.235007,0.7907
2026-08-05T19:01:25Z,20.235482,0.7907
2026-08-05T19:35:56Z,20.235587,0.7907
2026-08-05T20:01:56Z,20.235666,0.7907
2026-08-05T22:33:32Z,20.236128,0.7907
2026-08-06T00:54:32Z,20.236557,0.7906
2026-08-06T01:17:20Z,20.236626,0.7906
2026-08-06T02:18:21Z,20.236812,0.7906
2026-08-06T08:13:58Z,20.237894,0.7906
2026-08-06T08:30:58Z,20.237946,0.7906
2026-08-06T11:27:01Z,20.238482,0.7906
2026-08-06T11:37:01Z,20.238513,0.7906
2026-08-06T12:17:02Z,20.238634,0.7906
2026-08-06T12:36:33Z,20.238694,0.7906
2026-08-06T13:13:04Z,20.238805,0.7906
2026-08-06T13:35:04Z,20.238872,0.7906
2026-08-06T13:38:34Z,20.238883,0.7906
2026-08-06T13:44:04Z,20.238899,0.7906
2026-08-06T13:49:04Z,20.238915,0.7906
2026-08-06T13:59:04Z,20.238945,0.7906
2026-08-06T14:20:05Z,20.239009,0.7906
2026-08-06T14:27:05Z,20.239030,0.7906
2026-08-06T15:01:36Z,20.239135,0.7905
2026-08-06T15:37:06Z,20.239243,0.7905
2026-08-06T16:24:08Z,20.239387,0.7905
2026-08-06T18:05:39Z,20.239696,0.7905
2026-08-06T19:51:41Z,20.240018,0.7905
2026-08-07T00:05:15Z,20.240790,0.7905
2026-08-07T01:51:18Z,20.241113,0.7905
2026-08-07T08:16:24Z,20.242285,0.7904
2026-08-07T12:37:59Z,20.243082,0.7904
2026-08-07T13:33:30Z,20.243251,0.7904
2026-08-07T14:12:31Z,20.243370,0.7904
2026-08-07T14:20:31Z,20.243394,0.7904
2026-08-07T14:29:01Z,20.243420,0.7904
2026-08-07T15:26:32Z,20.243595,0.7904
2026-08-07T16:03:03Z,20.243706,0.7904
2026-08-07T16:27:03Z,20.243779,0.7904
2026-08-07T19:55:37Z,20.244414,0.7903
2026-08-10T00:00:31Z,20.253927,0.7900
2026-08-10T08:03:10Z,20.275496,0.7891
2026-08-10T11:25:06Z,20.276111,0.7891
2026-08-10T12:23:07Z,20.276288,0.7891
2026-08-10T13:56:39Z,20.276572,0.7891
2026-08-10T14:23:09Z,20.276653,0.7891
2026-08-10T15:00:10Z,20.276766,0.7891
2026-08-10T16:30:11Z,20.277040,0.7891
2026-08-10T16:37:11Z,20.277061,0.7891
2026-08-10T17:11:12Z,20.277165,0.7891
2026-08-10T19:09:14Z,20.277524,0.7891
2026-08-10T19:51:45Z,20.277653,0.7890
2026-08-10T20:21:16Z,20.277743,0.7890
2026-08-10T23:57:49Z,20.278402,0.7890
2026-08-11T01:16:51Z,20.278643,0.7890
2026-08-11T12:10:50Z,20.280634,0.7889
2026-08-11T13:04:21Z,20.280797,0.7889
2026-08-11T13:35:52Z,20.280893,0.7889
2026-08-11T13:58:52Z,20.280963,0.7889
2026-08-11T14:16:52Z,20.281018,0.7889
2026-08-11T14:33:53Z,20.281069,0.7889
2026-08-11T14:56:23Z,20.281138,0.7889
2026-08-11T15:11:54Z,20.281185,0.7889
2026-08-11T16:49:56Z,20.281483,0.7889
2026-08-11T17:12:43Z,20.281553,0.7889
2026-08-11T19:35:16Z,20.281987,0.7889
2026-08-12T08:08:30Z,20.284280,0.7888
2026-08-12T12:40:35Z,20.285108,0.7888
2026-08-12T13:31:05Z,20.285262,0.7887
2026-08-12T13:48:36Z,20.285315,0.7887
2026-08-12T14:01:36Z,20.285355,0.7887
2026-08-12T14:13:07Z,20.285390,0.7887
2026-08-12T14:26:07Z,20.285429,0.7887
2026-08-12T14:46:07Z,20.285490,0.7887
2026-08-12T14:55:07Z,20.285518,0.7887
2026-08-12T19:30:42Z,20.286356,0.7887
2026-08-12T19:57:12Z,20.286437,0.7887
2026-08-13T13:21:23Z,20.289616,0.7886
2026-08-13T13:33:54Z,20.289654,0.7886
2026-08-13T13:39:24Z,20.289671,0.7886
2026-08-13T15:32:56Z,20.290016,0.7886
2026-08-13T16:26:27Z,20.290179,0.7886
2026-08-14T13:28:36Z,20.294021,0.7884
2026-08-14T13:38:07Z,20.294050,0.7884
2026-08-14T13:45:37Z,20.294073,0.7884
2026-08-14T14:18:37Z,20.294174,0.7884
2026-08-14T14:46:38Z,20.294259,0.7884
2026-08-14T15:24:09Z,20.294373,0.7884
2026-08-17T00:00:22Z,20.304712,0.7880
2026-08-17T06:34:58Z,20.305913,0.7879
2026-08-17T15:16:43Z,20.327602,0.7871
2026-08-17T17:14:46Z,20.327961,0.7871
2026-08-17T19:53:48Z,20.328445,0.7871
2026-08-18T02:13:42Z,20.329602,0.7870
2026-08-18T02:56:00Z,20.329730,0.7870
2026-08-18T08:03:06Z,20.330665,0.7870
2026-08-18T08:52:37Z,20.330816,0.7870
2026-08-18T13:56:12Z,20.331740,0.7869
2026-08-18T14:03:42Z,20.331763,0.7869
2026-08-18T14:10:12Z,20.331783,0.7869
2026-08-19T00:16:24Z,20.333628,0.7869
2026-08-19T00:47:24Z,20.333722,0.7869
2026-08-19T08:06:02Z,20.335058,0.7868
2026-08-19T13:22:38Z,20.336021,0.7868
2026-08-19T13:39:08Z,20.336072,0.7868
2026-08-19T13:41:38Z,20.336079,0.7868
2026-08-19T13:52:08Z,20.336111,0.7868
2026-08-19T14:22:39Z,20.336204,0.7868
2026-08-19T14:29:39Z,20.336225,0.7868
2026-08-19T14:37:39Z,20.336250,0.7868
2026-08-19T16:07:10Z,20.336522,0.7868
2026-08-19T16:32:11Z,20.336598,0.7868
2026-08-19T19:50:44Z,20.337203,0.7867
2026-08-20T00:58:50Z,20.338141,0.7867
2026-08-20T08:35:28Z,20.339531,0.7866
2026-08-20T12:11:02Z,20.340187,0.7866
2026-08-20T13:01:04Z,20.340339,0.7866
2026-08-20T13:36:34Z,20.340447,0.7866
2026-08-20T13:49:34Z,20.340487,0.7866
2026-08-20T14:45:05Z,20.340656,0.7866
2026-08-20T14:50:35Z,20.340673,0.7866
2026-08-20T15:33:36Z,20.340804,0.7866
2026-08-20T17:00:08Z,20.341067,0.7866
2026-08-20T17:16:38Z,20.341117,0.7866
2026-08-21T02:29:27Z,20.342800,0.7865
2026-08-21T09:03:04Z,20.343998,0.7865
2026-08-21T09:08:05Z,20.344014,0.7865
2026-08-21T09:10:04Z,20.344020,0.7865
2026-08-21T09:11:35Z,20.344024,0.7865
2026-08-21T09:17:35Z,20.344043,0.7865
2026-08-21T09:56:05Z,20.344160,0.7865
2026-08-21T11:24:37Z,20.344429,0.7865
2026-08-21T13:25:39Z,20.344798,0.7864
2026-08-21T13:28:39Z,20.344807,0.7864
2026-08-21T13:30:39Z,20.344813,0.7864
2026-08-21T13:33:09Z,20.344821,0.7864
2026-08-21T13:35:39Z,20.344828,0.7864
2026-08-21T13:52:40Z,20.344880,0.7864
2026-08-21T14:25:10Z,20.344979,0.7864
2026-08-21T15:24:41Z,20.345160,0.7864
2026-08-21T17:22:13Z,20.345518,0.7864
2026-08-21T17:51:44Z,20.345608,0.7864
2026-08-21T19:57:46Z,20.345991,0.7864
2026-08-24T00:00:39Z,20.355498,0.7860
2026-08-24T02:08:12Z,20.355886,0.7860
2026-08-24T06:05:46Z,20.356609,0.7860
2026-08-24T11:00:40Z,20.357507,0.7860
2026-08-24T12:39:42Z,20.357809,0.7859
2026-08-24T13:32:43Z,20.357970,0.7859
2026-08-24T13:36:43Z,20.357982,0.7859
2026-08-24T13:41:13Z,20.357996,0.7859
2026-08-24T13:43:43Z,20.358003,0.7859
2026-08-24T13:51:43Z,20.358028,0.7859
2026-08-24T14:34:44Z,20.358159,0.7859
2026-08-24T15:05:45Z,20.358253,0.7859
2026-08-24T15:37:46Z,20.378451,0.7851
2026-08-24T19:34:20Z,20.379171,0.7851
2026-08-24T19:52:50Z,20.379228,0.7851
2026-08-25T00:44:56Z,20.380117,0.7851
2026-08-25T05:00:00Z,20.380893,0.7850
2026-08-25T09:05:05Z,20.381639,0.7850
2026-08-25T11:02:07Z,20.381996,0.7850
2026-08-25T12:15:38Z,20.382219,0.7850
2026-08-25T13:41:40Z,20.382481,0.7850
2026-08-25T13:49:10Z,20.382504,0.7850
2026-08-25T14:23:40Z,20.382609,0.7850
2026-08-25T14:30:11Z,20.382629,0.7850
2026-08-25T15:02:42Z,20.382728,0.7850
2026-08-25T15:59:17Z,20.382900,0.7850
2026-08-25T18:36:51Z,20.383380,0.7850
2026-08-25T19:19:21Z,20.383509,0.7849
2026-08-25T19:54:52Z,20.383617,0.7849
2026-08-25T21:47:24Z,20.383960,0.7849
2026-08-26T00:38:27Z,20.384481,0.7849
2026-08-26T02:48:30Z,20.384876,0.7849
2026-08-26T11:40:39Z,20.386496,0.7848
2026-08-26T13:35:42Z,20.386847,0.7848
2026-08-26T13:44:11Z,20.386872,0.7848
2026-08-26T13:46:42Z,20.386880,0.7848
2026-08-26T13:51:12Z,20.386894,0.7848
2026-08-26T14:20:12Z,20.386982,0.7848
2026-08-26T16:15:32Z,20.387333,0.7848
2026-08-26T18:33:34Z,20.387753,0.7848
2026-08-26T19:42:35Z,20.387963,0.7848
2026-08-26T20:19:36Z,20.388076,0.7848
2026-08-26T20:20:36Z,20.388079,0.7848
2026-08-26T20:21:36Z,20.388082,0.7848
2026-08-26T20:22:36Z,20.388085,0.7848
2026-08-26T20:24:06Z,20.388090,0.7848
2026-08-26T20:25:06Z,20.388093,0.7848
2026-08-26T20:27:06Z,20.388099,0.7848
2026-08-26T20:32:06Z,20.388114,0.7848
2026-08-26T20:36:06Z,20.388126,0.7848
2026-08-26T20:39:36Z,20.388137,0.7848
2026-08-26T20:43:06Z,20.388148,0.7848
2026-08-26T20:46:36Z,20.388158,0.7848
2026-08-26T20:50:08Z,20.388169,0.7848
2026-08-26T21:03:37Z,20.388210,0.7848
2026-08-26T21:04:06Z,20.388212,0.7848
2026-08-26T21:04:36Z,20.388213,0.7848
2026-08-26T21:05:36Z,20.388216,0.7848
2026-08-26T21:06:36Z,20.388219,0.7848
2026-08-26T21:07:07Z,20.388221,0.7848
2026-08-26T21:08:36Z,20.388225,0.7848
2026-08-26T21:11:07Z,20.388233,0.7848
2026-08-26T21:18:06Z,20.388254,0.7848
2026-08-26T21:20:07Z,20.388260,0.7848
2026-08-26T21:24:37Z,20.388274,0.7848
2026-08-26T21:26:07Z,20.388279,0.7848
2026-08-26T21:35:07Z,20.388306,0.7848
2026-08-26T21:54:37Z,20.388365,0.7848
2026-08-26T21:56:38Z,20.388372,0.7848
2026-08-26T22:23:08Z,20.388452,0.7848
2026-08-26T22:46:38Z,20.388524,0.7848
2026-08-27T01:27:11Z,20.389012,0.7847
2026-08-27T01:39:11Z,20.389049,0.7847
2026-08-27T06:12:46Z,20.389882,0.7847
2026-08-27T07:05:47Z,20.390043,0.7847
2026-08-27T08:02:18Z,20.390215,0.7847
2026-08-27T08:11:18Z,20.390243,0.7847
2026-08-27T08:26:49Z,20.390290,0.7847
2026-08-27T08:48:19Z,20.390355,0.7847
2026-08-27T09:06:19Z,20.390410,0.7847
2026-08-27T10:57:21Z,20.390748,0.7847
2026-08-27T11:23:52Z,20.390829,0.7847
2026-08-27T12:54:23Z,20.391104,0.7847
2026-08-27T13:06:53Z,20.391142,0.7847
2026-08-27T13:31:24Z,20.391217,0.7847
2026-08-27T13:34:54Z,20.391228,0.7847
2026-08-27T13:40:54Z,20.391246,0.7847
2026-08-27T13:47:54Z,20.391267,0.7846
2026-08-27T13:53:24Z,20.391284,0.7846
2026-08-27T14:11:25Z,20.391339,0.7846
2026-08-27T14:24:25Z,20.391379,0.7846
2026-08-27T14:27:25Z,20.391388,0.7846
2026-08-27T14:37:55Z,20.391420,0.7846
2026-08-27T14:55:25Z,20.391473,0.7846
2026-08-27T15:02:55Z,20.391496,0.7846
2026-08-27T15:06:25Z,20.391506,0.7846
2026-08-27T16:09:27Z,20.391698,0.7846
2026-08-27T16:27:57Z,20.391755,0.7846
2026-08-27T16:39:27Z,20.391790,0.7846
2026-08-27T17:58:29Z,20.392030,0.7846
2026-08-27T18:24:29Z,20.392109,0.7846
2026-08-27T18:33:59Z,20.392138,0.7846
2026-08-27T19:22:32Z,20.392286,0.7846
2026-08-27T19:36:02Z,20.392327,0.7846
2026-08-27T20:02:02Z,20.392406,0.7846
2026-08-27T21:56:35Z,20.392755,0.7846
2026-08-28T11:19:20Z,20.395199,0.7845
2026-08-28T13:08:21Z,20.395531,0.7845
2026-08-28T13:28:51Z,20.395593,0.7845
2026-08-28T13:41:22Z,20.395631,0.7845
2026-08-28T13:45:52Z,20.395645,0.7845
2026-08-28T13:50:22Z,20.395658,0.7845
2026-08-28T14:06:52Z,20.395709,0.7845
2026-08-28T14:44:23Z,20.395823,0.7845
2026-08-28T15:12:23Z,20.395908,0.7845
2026-08-28T15:40:54Z,20.395995,0.7845
2026-08-28T15:52:54Z,20.396031,0.7845
2026-08-28T16:01:25Z,20.396057,0.7845
2026-08-28T17:00:55Z,20.396238,0.7845
2026-08-28T17:07:25Z,20.396258,0.7845
2026-08-28T17:36:57Z,20.396348,0.7845
2026-08-28T18:25:57Z,20.396497,0.7844
2026-08-28T18:55:27Z,20.396587,0.7844
2026-08-28T19:56:29Z,20.396773,0.7844
2026-08-31T00:00:54Z,20.406284,0.7841
2026-08-31T00:36:54Z,20.406394,0.7841
2026-08-31T05:59:30Z,20.407376,0.7840
2026-08-31T13:33:39Z,20.408758,0.7840
2026-08-31T13:51:39Z,20.408813,0.7840
2026-08-31T14:12:09Z,20.408875,0.7840
2026-08-31T18:33:44Z,20.429772,0.7832
2026-08-31T19:29:15Z,20.429941,0.7832
2026-08-31T19:59:46Z,20.430034,0.7832
2026-09-01T00:16:15Z,20.430815,0.7831
2026-09-01T08:24:54Z,20.432302,0.7831
2026-09-01T09:06:25Z,20.432429,0.7831
2026-09-01T13:32:30Z,20.433239,0.7830
2026-09-01T13:51:31Z,20.433297,0.7830
2026-09-01T14:07:31Z,20.433345,0.7830
2026-09-01T15:31:02Z,20.433600,0.7830
2026-09-01T15:53:02Z,20.433667,0.7830
2026-09-01T17:02:51Z,20.433879,0.7830
2026-09-01T17:56:52Z,20.434044,0.7830
2026-09-01T18:43:23Z,20.434185,0.7830
2026-09-01T19:11:53Z,20.434272,0.7830
2026-09-01T19:54:54Z,20.434403,0.7830
2026-09-02T00:23:29Z,20.435220,0.7830
2026-09-02T08:53:08Z,20.436772,0.7829
2026-09-02T12:07:42Z,20.437364,0.7829
2026-09-02T13:31:13Z,20.437618,0.7829
2026-09-02T13:59:44Z,20.437705,0.7829
2026-09-02T14:07:44Z,20.437730,0.7829
2026-09-02T14:36:44Z,20.437818,0.7829
2026-09-02T15:04:15Z,20.437902,0.7829
2026-09-02T15:12:15Z,20.437926,0.7829
2026-09-02T15:49:46Z,20.438040,0.7829
2026-09-02T16:43:17Z,20.438203,0.7828
2026-09-02T17:07:47Z,20.438278,0.7828
2026-09-02T19:36:20Z,20.438730,0.7828
2026-09-02T21:27:52Z,20.439069,0.7828
2026-09-03T04:26:29Z,20.440344,0.7828
2026-09-03T05:19:30Z,20.440505,0.7828
2026-09-03T11:41:37Z,20.441668,0.7827
2026-09-03T12:30:38Z,20.441818,0.7827
2026-09-03T13:14:56Z,20.441952,0.7827
2026-09-03T13:39:57Z,20.442029,0.7827
2026-09-03T13:50:27Z,20.442061,0.7827
2026-09-03T13:57:27Z,20.442082,0.7827
2026-09-03T14:34:57Z,20.442196,0.7827
2026-09-03T15:28:28Z,20.442359,0.7827
2026-09-03T17:40:31Z,20.442761,0.7827
2026-09-03T17:53:01Z,20.442799,0.7827
2026-09-03T19:39:03Z,20.443122,0.7827
2026-09-04T04:57:13Z,20.444821,0.7826
2026-09-04T10:11:19Z,20.445777,0.7826
2026-09-04T12:47:51Z,20.446254,0.7825
2026-09-04T12:50:22Z,20.446261,0.7825
2026-09-04T12:52:51Z,20.446269,0.7825
2026-09-04T13:22:52Z,20.446360,0.7825
2026-09-04T13:30:23Z,20.446383,0.7825
2026-09-04T13:32:22Z,20.446389,0.7825
2026-09-04T13:38:23Z,20.446407,0.7825
2026-09-04T13:48:23Z,20.446438,0.7825
2026-09-04T14:53:54Z,20.446637,0.7825
2026-09-04T14:56:24Z,20.446645,0.7825
2026-09-04T14:57:54Z,20.446649,0.7825
2026-09-04T15:31:30Z,20.446752,0.7825
2026-09-04T17:46:24Z,20.447162,0.7825
2026-09-08T00:00:54Z,20.481554,0.7812
2026-09-08T01:44:56Z,20.481870,0.7812
2026-09-08T06:55:32Z,20.482816,0.7811
2026-09-08T12:49:55Z,20.483895,0.7811
2026-09-08T13:32:26Z,20.484024,0.7811
2026-09-08T13:34:26Z,20.484030,0.7811
2026-09-08T13:35:56Z,20.484035,0.7811
2026-09-08T13:47:26Z,20.484070,0.7811
2026-09-08T14:05:26Z,20.484124,0.7811
2026-09-08T14:48:27Z,20.484255,0.7811
2026-09-08T16:19:29Z,20.484533,0.7811
2026-09-09T09:56:03Z,20.487749,0.7810
2026-09-09T13:39:07Z,20.488428,0.7809
2026-09-09T13:51:38Z,20.488466,0.7809
2026-09-09T19:04:43Z,20.489419,0.7809
2026-09-10T11:51:02Z,20.492482,0.7808
2026-09-10T12:37:33Z,20.492624,0.7808
2026-09-10T13:33:04Z,20.492793,0.7808
2026-09-10T13:49:05Z,20.492842,0.7808
2026-09-10T21:01:13Z,20.494157,0.7807
2026-09-10T23:04:45Z,20.494533,0.7807
2026-09-11T06:14:53Z,20.495843,0.7806
2026-09-11T12:52:35Z,20.497053,0.7806
2026-09-11T13:32:36Z,20.497175,0.7806
2026-09-11T13:54:06Z,20.497241,0.7806
2026-09-11T14:28:07Z,20.497344,0.7806
2026-09-11T14:32:37Z,20.497358,0.7806
2026-09-11T14:55:37Z,20.497428,0.7806
2026-09-11T15:18:08Z,20.497496,0.7806
2026-09-11T16:19:09Z,20.497682,0.7806
2026-09-11T20:03:43Z,20.498366,0.7806
2026-09-14T00:00:29Z,20.507854,0.7802
2026-09-14T00:22:59Z,20.507922,0.7802
2026-09-14T07:10:36Z,20.509163,0.7801
2026-09-14T08:49:08Z,20.509463,0.7801
2026-09-14T09:23:08Z,20.509566,0.7801
2026-09-14T10:59:27Z,20.509860,0.7801
2026-09-14T13:30:52Z,20.510321,0.7801
2026-09-14T13:33:22Z,20.510328,0.7801
2026-09-14T13:47:52Z,20.510372,0.7801
2026-09-14T15:32:54Z,20.510692,0.7801
2026-09-14T20:02:34Z,20.511513,0.7800
2026-09-14T20:36:35Z,20.511617,0.7800
2026-09-15T12:55:46Z,20.534698,0.7792
2026-09-15T14:52:35Z,20.535053,0.7792
2026-09-16T03:14:53Z,20.537313,0.7791
2026-09-16T12:07:03Z,20.538933,0.7790
2026-09-16T13:53:35Z,20.539257,0.7790
2026-09-16T15:10:06Z,20.539490,0.7790
2026-09-16T17:39:39Z,20.539946,0.7790
2026-09-16T18:08:39Z,20.540034,0.7790
2026-09-16T18:28:40Z,20.540095,0.7790
2026-09-16T18:56:40Z,20.540180,0.7790
2026-09-16T19:14:11Z,20.540233,0.7790
2026-09-16T19:41:41Z,20.540317,0.7790
2026-09-16T22:40:14Z,20.540861,0.7789
2026-09-17T07:28:23Z,20.542468,0.7789
2026-09-17T09:03:55Z,20.542759,0.7789
2026-09-17T12:32:59Z,20.543396,0.7788
2026-09-17T14:15:01Z,20.543706,0.7788
2026-09-18T03:23:45Z,20.546107,0.7787
2026-09-18T07:24:19Z,20.546840,0.7787
2026-09-18T11:00:53Z,20.547499,0.7787
2026-09-18T12:08:25Z,20.547704,0.7787
2026-09-18T14:12:27Z,20.548082,0.7787
2026-09-18T14:31:27Z,20.548140,0.7787
2026-09-18T19:55:32Z,20.549126,0.7786
2026-09-21T00:00:20Z,20.558639,0.7783
2026-09-21T01:17:21Z,20.558873,0.7783
2026-09-21T09:42:01Z,20.560409,0.7782
2026-09-21T12:26:04Z,20.560909,0.7782
2026-09-21T13:30:36Z,20.561105,0.7782
2026-09-21T13:37:06Z,20.561125,0.7782
2026-09-21T13:46:06Z,20.561152,0.7782
2026-09-21T14:02:37Z,20.561203,0.7782
2026-09-21T14:55:42Z,20.561364,0.7782
2026-09-21T16:31:14Z,20.561655,0.7781
2026-09-21T17:10:45Z,20.561775,0.7781
2026-09-21T18:53:47Z,20.562089,0.7781
2026-09-21T19:50:48Z,20.562263,0.7781
2026-09-22T07:02:30Z,20.564307,0.7780
2026-09-22T09:58:50Z,20.564844,0.7780
2026-09-22T13:17:54Z,20.585551,0.7772
2026-09-22T13:30:24Z,20.585589,0.7772
2026-09-22T13:31:54Z,20.585593,0.7772
2026-09-22T13:45:54Z,20.585636,0.7772
2026-09-22T14:34:25Z,20.585784,0.7772
2026-09-22T14:43:55Z,20.585812,0.7772
2026-09-22T15:07:56Z,20.585886,0.7772
2026-09-23T11:32:51Z,20.589614,0.7771
2026-09-23T13:36:24Z,20.589991,0.7771
2026-09-23T14:00:24Z,20.590064,0.7771
2026-09-23T14:14:24Z,20.590106,0.7771
2026-09-23T14:20:25Z,20.590124,0.7771
2026-09-23T14:54:25Z,20.590228,0.7771
2026-09-23T15:17:56Z,20.590300,0.7771
2026-09-23T16:41:58Z,20.590555,0.7771
2026-09-23T17:59:59Z,20.590793,0.7770
2026-09-24T06:02:59Z,20.592994,0.7770
2026-09-24T08:21:01Z,20.593414,0.7769
2026-09-24T13:32:53Z,20.594363,0.7769
2026-09-24T13:38:53Z,20.594382,0.7769
2026-09-24T14:12:24Z,20.594484,0.7769
2026-09-24T16:16:56Z,20.594863,0.7769
2026-09-24T16:41:56Z,20.594939,0.7769
2026-09-25T06:22:16Z,20.597436,0.7768
2026-09-25T13:33:28Z,20.598749,0.7767
2026-09-25T13:38:59Z,20.598765,0.7767
2026-09-25T14:05:59Z,20.598848,0.7767
2026-09-25T16:02:31Z,20.599202,0.7767
2026-09-25T18:38:03Z,20.599676,0.7767
2026-09-25T19:56:05Z,20.599913,0.7767
2026-09-28T00:00:23Z,20.609424,0.7763
2026-09-28T03:09:57Z,20.610001,0.7763
2026-09-28T08:40:03Z,20.611006,0.7763
2026-09-28T09:01:03Z,20.611070,0.7763
2026-09-28T11:00:35Z,20.611434,0.7763
2026-09-28T11:03:06Z,20.611442,0.7763
2026-09-28T11:10:05Z,20.611463,0.7763
2026-09-28T11:19:36Z,20.611492,0.7763
2026-09-28T11:33:36Z,20.611534,0.7763
2026-09-28T11:51:06Z,20.611588,0.7763
2026-09-28T12:19:37Z,20.611675,0.7763
2026-09-28T13:30:38Z,20.611891,0.7763
2026-09-28T13:31:38Z,20.611894,0.7763
2026-09-28T13:44:08Z,20.611932,0.7762
2026-09-28T13:52:08Z,20.611956,0.7762
2026-09-28T14:12:39Z,20.612019,0.7762
2026-09-28T14:47:10Z,20.612124,0.7762
2026-09-28T15:09:40Z,20.612192,0.7762
2026-09-28T16:22:41Z,20.612415,0.7762
2026-09-28T17:07:42Z,20.612552,0.7762
2026-09-28T19:29:45Z,20.612984,0.7762
2026-09-29T01:19:50Z,20.614050,0.7762
2026-09-29T06:22:26Z,20.614971,0.7761
2026-09-29T07:36:58Z,20.615198,0.7761
2026-09-29T13:31:34Z,20.636378,0.7753
2026-09-29T13:39:34Z,20.636402,0.7753
2026-09-29T17:03:08Z,20.637022,0.7753
2026-09-29T17:56:39Z,20.637185,0.7753
2026-09-30T13:19:16Z,20.640724,0.7752
2026-09-30T13:32:46Z,20.640765,0.7752
2026-09-30T14:00:46Z,20.640850,0.7752
2026-09-30T14:09:17Z,20.640876,0.7752
2026-09-30T19:58:23Z,20.641939,0.7751
2026-10-01T03:55:32Z,20.643391,0.7751
2026-10-01T05:36:04Z,20.643697,0.7751
2026-10-01T07:28:36Z,20.644040,0.7750
2026-10-01T13:31:11Z,20.645144,0.7750
2026-10-01T13:37:41Z,20.645163,0.7750
2026-10-01T13:51:12Z,20.645205,0.7750
2026-10-01T14:01:12Z,20.645235,0.7750
2026-10-01T14:59:43Z,20.645413,0.7750
2026-10-01T15:20:14Z,20.645476,0.7750
2026-10-01T16:37:15Z,20.645710,0.7750
2026-10-01T16:56:45Z,20.645769,0.7750
2026-10-01T17:41:16Z,20.645905,0.7750
2026-10-02T08:01:01Z,20.648522,0.7749
2026-10-02T09:28:02Z,20.648787,0.7749
2026-10-02T11:15:08Z,20.649113,0.7749
2026-10-02T12:32:40Z,20.649349,0.7748
2026-10-02T13:32:41Z,20.649532,0.7748
2026-10-02T13:35:11Z,20.649539,0.7748
2026-10-02T13:45:11Z,20.649570,0.7748
2026-10-02T15:03:29Z,20.649808,0.7748
2026-10-02T15:17:00Z,20.649849,0.7748
2026-10-02T16:07:00Z,20.650002,0.7748
2026-10-02T17:07:32Z,20.650186,0.7748
