phase,round,price_usd,updated_at
1,1,20822000000.0,1782086443
1,2,20926999999.0,1782090344
1,3,21041870000.0,1782126385
1,4,21150000000.0,1782135027
1,5,21316500000.0,1782135267
1,6,21201999999.0,1782138238
1,7,21064499999.0,1782138688
1,8,20953565000.0,1782139288
1,9,21067500000.0,1782142710
1,10,20948000000.0,1782144030
1,11,20839499999.0,1782155133
1,12,20720999999.0,1782179321
1,13,20610000000.0,1782184212
1,14,20506500000.0,1782191505
1,15,20394000000.0,1782195105
1,16,20285000000.0,1782198196
1,17,20183405000.0,1782203028
1,18,20284735000.0,1782206869
1,19,20399660000.0,1782214792
1,20,20293910000.0,1782218093
1,21,20174795000.0,1782221303
1,22,20072010000.0,1782221543
1,23,20184584999.0,1782221754
1,24,20306520000.0,1782222509
1,25,203.44,1782222749
1,26,202.2758,1782226547
1,27,200.95499999,1782227237
1,28,202.01,1782230028
1,29,200.97,1782240158
1,30,199.7681,1782306480
1,31,200.8772,1782307895
1,32,199.755,1782308946
1,33,200.765,1782309156
1,34,199.59225,1782310116
1,35,200.68714999,1782312322
1,36,199.6775,1782319229
1,37,198.65,1782321407
1,38,197.505,1782322427
1,39,198.62525,1782325519
1,40,197.61095,1782326899
1,41,198.8156,1782331170
1,42,199.826,1782331351
1,43,200.88675,1782334057
1,44,199.87355,1782341824
1,45,200.93,1782372090
1,46,201.93615,1782378258
1,47,200.88555,1782384345
1,48,199.66,1782394316
1,49,198.60005,1782394706
1,50,197.53815,1782394886
1,51,196.495,1782395011
1,52,195.24,1782395191
1,53,194.13,1782395341
1,54,193.115,1782395762
1,55,194.135,1782396242
1,56,195.44305,1782396632
1,57,194.435,1782396902
1,58,195.4761,1782398012
1,59,194.4437,1782398672
1,60,195.7905,1782399122
1,61,196.81,1782404055
1,62,195.76885,1782404775
1,63,194.77499999,1782405945
1,64,195.79555,1782412262
1,65,194.8132,1782413163
1,66,193.765,1782415068
1,67,194.75,1782416759
1,68,194.74525,1782416819
1,69,196.27181617,1782417659
1,70,195.22275,1782419580
1,71,194.12,1782435948
1,72,193.14,1782438054
1,73,192.11,1782441495
1,74,191.065,1782442545
1,75,192.05,1782444376
1,76,193.015,1782446392
1,77,191.945,1782448102
1,78,192.935,1782456951
1,79,194.03625,1782467214
1,80,193.0618,1782477529
1,81,192.06565,1782479964
1,82,193.0881,1782480444
1,83,191.79275,1782480659
1,84,192.845,1782481409
1,85,193.87265,1782482434
1,86,192.77499999,1782484840
1,87,193.755,1782487831
1,88,194.98,1782488282
1,89,193.95999999,1782489332
1,90,194.935,1782494914
1,91,193.8737,1782498655
1,92,194.84485,1782503172
1,93,193.21425,1782503712
1,94,192.20165,1782504117
1,95,193.86,1782691269
1,96,192.845,1782692715
1,97,193.81,1782707505
1,98,194.82,1782714893
1,99,193.4357,1782739679
1,100,192.275,1782739858
1,101,193.7621,1782739918
1,102,194.765,1782740159
1,103,193.57999999,1782740339
1,104,195.17265,1782740584
1,105,193.155,1782741404
1,106,192.0275,1782742340
1,107,190.83085,1782742520
1,108,191.87545,1782743180
1,109,192.85,1782743455
1,110,193.85625,1782743695
1,111,194.84,1782745206
1,112,193.84,1782746706
1,113,192.84,1782750578
1,114,193.8075,1782752108
1,115,194.87275,1782754299
1,116,193.83435,1782755920
1,117,194.8083,1782761321
1,118,195.84,1782794572
1,119,194.841,1782808797
1,120,195.86,1782814648
1,121,196.8418,1782818009
1,122,197.9286,1782820200
1,123,196.90015,1782821160
1,124,195.7977,1782824491
1,125,197.18275,1782826082
1,126,195.85655,1782826262
1,127,197.155,1782826382
1,128,198.32435,1782826502
1,129,197.1307,1782826742
1,130,198.1852,1782828243
1,131,197.18,1782828663
1,132,198.175,1782829473
1,133,197.175,1782830943
1,134,198.3552,1782832414
1,135,199.35,1782843728
1,136,198.22015,1782844749
1,137,199.34505,1782847120
1,138,200.43,1782849460
1,139,199.418,1782852701
1,140,198.355,1782870917
1,141,197.28,1782889644
1,142,198.29765,1782893666
1,143,199.35805,1782903869
1,144,198.25315,1782909301
1,145,197.18345,1782909571
1,146,196.1368,1782910441
1,147,194.93635,1782910531
1,148,195.98595,1782911011
1,149,194.50775,1782912661
1,150,195.49575,1782913712
1,151,196.51095,1782915992
1,152,195.50845,1782916592
1,153,196.745,1782919263
1,154,197.75005,1782926030
1,155,198.75495,1782927651
1,156,197.7453,1782929811
1,157,198.74,1782932602
1,158,199.7896,1782932962
1,159,198.76,1782934703
1,160,197.565,1782935693
1,161,196.515,1782950667
1,162,197.58499999,1782953609
1,163,198.605,1782955229
1,164,197.565,1782962792
1,165,196.55,1782975005
1,166,195.55,1782976835
1,167,196.5343,1782990819
1,168,197.54625,1782994150
1,169,198.5942,1782995848
1,170,197.51645,1782997049
1,171,198.5304,1782999239
1,172,199.69035,1783000950
1,173,198.68,1783001490
1,174,197.595,1783002540
1,175,196.575,1783003350
1,176,195.365,1783004041
1,177,196.435,1783004521
1,178,195.39499999,1783004791
1,179,194.415,1783007492
1,180,193.39999999,1783010193
1,181,192.385,1783014004
1,182,193.42905,1783015625
1,183,194.565,1783022107
1,184,196.295,1783296042
1,185,195.295,1783297812
1,186,194.295,1783318068
1,187,195.28,1783323980
1,188,194.2428,1783344657
1,189,195.3861,1783344957
1,190,196.48,1783346187
1,191,195.45,1783351109
1,192,196.46505,1783351799
1,193,195.46965,1783368111
1,194,194.445,1783387347
1,195,193.465,1783401091
1,196,194.445,1783408114
1,197,193.30425,1783420448
1,198,192.1797,1783420898
1,199,191.09165,1783422159
1,200,192.0605,1783426179
1,201,193.035,1783431836
1,202,192.045,1783432196
1,203,193.105,1783432856
1,204,192.1033,1783434056
1,205,193.26165,1783437268
1,206,194.3195,1783439848
1,207,195.3184,1783440208
1,208,196.41485,1783440989
1,209,197.45999999,1783441769
1,210,196.47,1783450682
1,211,197.525,1783471447
1,212,196.52499999,1783476369
1,213,197.53,1783481291
1,214,196.49,1783488253
1,215,195.485,1783493115
1,216,196.5117,1783498277
1,217,195.1827,1783499057
1,218,194.1746,1783499237
1,219,193.1586,1783501878
1,220,194.13975,1783507339
1,221,195.22415,1783512831
1,222,196.3965,1783517482
1,223,197.7238,1783517542
1,224,199.32229999,1783518382
1,225,198.3232,1783518563
1,226,197.32,1783518983
1,227,196.1299,1783522253
1,228,197.34,1783522463
1,229,198.34175,1783522584
1,230,197.31,1783523664
1,231,198.3216,1783527145
1,232,199.355,1783527625
1,233,200.36,1783529516
1,234,201.39499999,1783531167
1,235,202.4666,1783531496
1,236,203.625,1783532187
1,237,202.6,1783532546
1,238,203.6635,1783536928
1,239,204.7099,1783537498
1,240,203.63889999,1783541550
1,241,202.60835,1783543697
1,242,203.70999999,1783555431
1,243,204.76999999,1783573933
1,244,205.81765,1783584407
1,245,204.75725,1783585787
1,246,205.8915,1783598961
1,247,204.7929,1783603133
1,248,203.76,1783603823
1,249,202.615,1783604243
1,250,201.42,1783605743
1,251,200.405,1783606133
1,252,199.37,1783606584
1,253,200.405,1783608024
1,254,201.535,1783609104
1,255,202.585,1783616817
1,256,203.6696,1783621859
1,257,202.64538279,1783627260
1,258,201.6,1783642298
1,259,202.615,1783648150
1,260,201.535,1783664732
1,261,202.5823,1783689941
1,262,203.61245,1783690270
1,263,204.7814,1783690570
1,264,203.615,1783690780
1,265,204.65499999,1783690990
1,266,205.815,1783691350
1,267,206.87755,1783691920
1,268,208.115,1783692850
1,269,206.95565,1783693211
1,270,208.15499999,1783696902
1,271,209.3612,1783697923
1,272,208.08,1783698163
1,273,209.13,1783698613
1,274,210.19,1783700623
1,275,210.23,1783900825
1,276,211.42,1783901486
1,277,210.36,1783902926
1,278,209.26,1783903976
1,279,208.20499999,1783907878
1,280,207.1,1783920451
1,281,205.96325,1783929964
1,282,207.05815,1783930689
1,283,208.13025,1783934651
1,284,209.73165,1783949523
1,285,208.62415,1783950154
1,286,207.24505,1783950813
1,287,208.42595,1783951174
1,288,209.47,1783951895
1,289,208.09,1783952283
1,290,209.135,1783952703
1,291,208.08115,1783953213
1,292,206.77499999,1783954504
1,293,207.81445,1783956216
1,294,206.77499999,1783957927
1,295,205.655,1783959996
1,296,204.59965,1783960596
1,297,203.49099999,1783965127
1,298,204.57,1783989371
1,299,203.43,1783995613
1,300,204.46,1784005192
1,301,205.4905,1784028016
1,302,206.6098,1784030027
1,303,207.89195,1784032278
1,304,206.83955,1784034619
1,305,207.92155,1784035669
1,306,206.835,1784035849
1,307,205.615,1784035999
1,308,204.2,1784036419
1,309,205.265,1784036779
1,310,204.2244,1784038250
1,311,205.3608,1784038790
1,312,206.75705,1784039660
1,313,207.84755,1784041581
1,314,208.90505,1784042901
1,315,209.99,1784047375
1,316,211.14735,1784048515
1,317,212.22,1784054067
1,318,211.135,1784057488
1,319,212.215,1784074354
1,320,211.1035,1784103045
1,321,212.3553,1784122328
1,322,213.445,1784122508
1,323,212.31,1784122628
1,324,211.1046,1784123468
1,325,209.9159,1784125496
1,326,208.7,1784128647
1,327,207.535,1784131588
1,328,206.26245,1784133329
1,329,207.455,1784134379
1,330,208.635,1784135910
1,331,209.70945,1784137980
1,332,210.83525,1784142151
1,333,211.89275,1784145032
1,334,210.785,1784162497
1,335,211.845,1784171650
1,336,210.775,1784183775
1,337,209.68485,1784189086
1,338,208.5569,1784202621
1,339,209.65385,1784207573
1,340,208.565,1784209074
1,341,207.25,1784209584
1,342,208.28625,1784209974
1,343,207.185,1784213455
1,344,206.13635,1784213695
1,345,207.2811,1784215916
1,346,206.24,1784223868
1,347,207.32,1784226329
1,348,206.20999999,1784229990
1,349,207.33185,1784231911
1,350,206.2297,1784240523
1,351,205.12,1784248536
1,352,204.065,1784254597
1,353,202.815,1784261140
1,354,201.765,1784266842
1,355,202.805,1784269273
1,356,201.75,1784272184
1,357,200.7344,1784276205
1,358,201.8435,1784281847
1,359,200.82105,1784295205
1,360,199.795,1784295505
1,361,198.66,1784295745
1,362,199.695,1784296286
1,363,200.76999999,1784296706
1,364,201.89915,1784296826
1,365,203.335,1784297127
1,366,204.6496,1784297246
1,367,205.8617,1784297846
1,368,204.8,1784298116
1,369,203.6857,1784298597
1,370,202.53585,1784300697
1,371,203.565,1784301388
1,372,204.82,1784302678
1,373,205.8761,1784307029
1,374,204.83425,1784310990
1,375,203.81,1784311891
1,376,202.755,1784315312
1,377,201.74,1784315852
1,378,202.79625,1784316512
1,379,203.41,1784505628
1,380,204.465,1784506289
1,381,203.37,1784507548
1,382,204.45965,1784543650
1,383,205.5887,1784547058
1,384,206.85185,1784554411
1,385,205.79,1784555880
1,386,204.7402,1784557356
1,387,205.915,1784557836
1,388,204.635,1784559247
1,389,205.915,1784560212
1,390,204.755,1784565704
1,391,203.6946,1784566665
1,392,204.88245,1784570536
1,393,203.825,1784572877
1,394,202.7,1784574347
1,395,203.725,1784601722
1,396,204.76,1784605894
1,397,205.79385,1784624500
1,398,207.3204,1784640497
1,399,206.18,1784641757
1,400,204.9179,1784642327
1,401,206.195,1784646039
1,402,205.15499999,1784651261
1,403,206.3195,1784654112
1,404,207.37,1784663745
1,405,206.27185,1784673948
1,406,205.17,1784697717
1,407,206.42,1784727217
1,408,207.47935,1784727937
1,409,208.53385,1784732198
1,410,209.628,1784732619
1,411,210.76505,1784732859
1,412,212.14345,1784733039
1,413,213.21625,1784733429
1,414,212.1242,1784734479
1,415,213.345,1784735560
1,416,212.25,1784750084
1,417,213.52035,1784754556
1,418,212.4165,1784756087
1,419,211.29385,1784756357
1,420,212.365,1784765248
1,421,211.275,1784774611
1,422,212.33499999,1784781695
1,423,211.14499999,1784790068
1,424,210.05515,1784806591
1,425,208.99165,1784811933
1,426,210.44185,1784813823
1,427,209.3815,1784813943
1,428,208.295,1784816405
1,429,207.21455,1784818835
1,430,206.14999999,1784820546
1,431,207.28075,1784821086
1,432,208.365,1784822556
1,433,209.65,1784823846
1,434,208.45499999,1784830059
1,435,207.3971,1784833450
1,436,208.53,1784836691
1,437,209.714,1784837021
1,438,208.64225,1784841493
1,439,207.5943,1784845184
1,440,206.54,1784861660
1,441,207.57999999,1784877476
1,442,208.62945,1784894402
1,443,207.1269,1784899683
1,444,208.2203,1784900164
1,445,207.11505,1784900343
1,446,208.445,1784901004
1,447,207.2128,1784901094
1,448,206.145,1784901244
1,449,207.38885,1784901760
1,450,208.435,1784905030
1,451,209.51895,1784905210
1,452,210.59595,1784909051
1,453,211.8523,1784909442
1,454,210.785,1784909742
1,455,209.73,1784913043
1,456,208.675,1784917364
1,457,207.50775,1784917904
1,458,206.37585,1784918565
1,459,205.24,1784920185
1,460,206.3747,1784923036
1,461,208.82,1785110448
1,462,207.76999999,1785115765
1,463,208.865,1785117655
1,464,207.7201,1785158829
1,465,206.545,1785159099
1,466,205.47,1785159249
1,467,204.225,1785159639
1,468,202.92,1785159789
1,469,201.9,1785159939
1,470,203.01999999,1785160269
1,471,201.9971,1785160749
1,472,200.93775,1785161830
1,473,199.925,1785162250
1,474,198.7873,1785162640
1,475,197.62,1785163511
1,476,198.635,1785163631
1,477,199.70395,1785164231
1,478,198.62,1785164681
1,479,197.55,1785165341
1,480,196.2949,1785166391
1,481,197.3682,1785167879
1,482,198.40499999,1785168659
1,483,197.2595,1785169020
1,484,196.26,1785171570
1,485,197.2857,1785178412
1,486,196.2834,1785193357
1,487,195.175,1785201220
1,488,194.185,1785205062
1,489,193.165,1785218283
1,490,194.15,1785222094
1,491,195.13155,1785239847
1,492,196.2478,1785244138
1,493,195.0282,1785245279
1,494,193.895,1785245489
1,495,194.87,1785245580
1,496,193.855,1785246209
1,497,194.9096,1785247589
1,498,193.7801,1785248069
1,499,192.78,1785248490
1,500,193.915,1785248820
1,501,195.02245,1785249360
1,502,196.14475,1785249810
1,503,197.25155,1785250230
1,504,196.20499999,1785251101
1,505,197.42,1785252035
1,506,198.43,1785253686
1,507,197.3276,1785255876
1,508,196.31235,1785268991
1,509,197.2942,1785270312
1,510,196.28265,1785278774
1,511,195.23125,1785279764
1,512,196.5787,1785282286
1,513,197.64305,1785283006
1,514,196.51999999,1785287477
1,515,195.485,1785290088
1,516,196.54,1785292278
1,517,195.435,1785295820
1,518,194.37,1785298610
1,519,195.465,1785301701
1,520,196.66,1785307853
1,521,195.6584,1785312925
1,522,196.7323,1785314846
1,523,197.77515,1785318117
1,524,196.7354,1785322815
1,525,194.831,1785331698
1,526,196.015,1785331818
1,527,194.78,1785333079
1,528,193.545,1785333349
1,529,192.42,1785334069
1,530,191.43,1785334429
1,531,192.46,1785337160
1,532,191.41475,1785340971
1,533,192.48725,1785344782
1,534,193.56,1785348173
1,535,192.545,1785349164
1,536,193.60675,1785350274
1,537,194.745,1785350454
1,538,195.8649,1785350904
1,539,194.621,1785352104
1,540,193.58,1785352914
1,541,192.45499999,1785353635
1,542,191.435,1785353964
1,543,190.39,1785355015
1,544,189.42875,1785355765
1,545,190.37925,1785362758
1,546,191.4641,1785363118
1,547,192.45499999,1785374971
1,548,191.485,1785380314
1,549,190.52499999,1785387545
1,550,191.57,1785390216
1,551,190.565,1785397004
1,552,191.5388,1785400005
1,553,192.50095,1785403366
1,554,191.528,1785405647
1,555,192.54025,1785406937
1,556,193.5184,1785412039
1,557,194.529,1785416510
1,558,193.296,1785417951
1,559,192.07,1785418371
1,560,193.09575,1785418461
1,561,191.70499999,1785418671
1,562,192.68,1785419181
1,563,193.87,1785419481
1,564,194.9074,1785419961
1,565,195.89999999,1785420111
1,566,196.93,1785421762
1,567,197.14525,1785422032
1,568,196.13035,1785422632
1,569,195.035,1785423262
1,570,193.94,1785424732
1,571,192.85975,1785425903
1,572,194.00245,1785427493
1,573,192.9336,1785429714
1,574,193.99,1785431215
1,575,194.96495,1785440818
1,576,196.02265,1785442828
1,577,197.14,1785456513
1,578,198.155,1785459904
1,579,197.08999999,1785464105
1,580,198.09,1785472357
1,581,197.07999999,1785480400
1,582,198.315,1785482891
1,583,197.3169,1785497391
1,584,198.4581,1785504503
1,585,197.36,1785504653
1,586,198.404,1785504803
1,587,199.5622,1785504923
1,588,198.3346,1785505373
1,589,197.18,1785505733
1,590,198.185,1785506244
1,591,197.015,1785506574
1,592,195.95999999,1785506873
1,593,197.0446,1785507774
1,594,196.01,1785508044
1,595,197.0803,1785508164
1,596,198.1472,1785509244
1,597,196.925,1785510715
1,598,195.94,1785511406
1,599,196.925,1785514947
1,600,197.945,1785515397
1,601,199.05755,1785518308
1,602,200.12695,1785525479
1,603,201.20015,1785527130
1,604,200.0985,1785528120
1,605,199.068,1785534812
1,606,201.20499999,1785715222
1,607,202.215,1785730677
1,608,201.13475,1785744181
1,609,200.0845,1785745202
1,610,199.05845,1785757716
1,611,198.0033,1785758856
1,612,199.0693,1785763057
1,613,197.86155,1785763657
1,614,199.30225,1785763957
1,615,198.255,1785764588
1,616,199.43965,1785764887
1,617,200.65835,1785765428
1,618,201.875,1785765548
1,619,202.89515,1785765998
1,620,203.94,1785766148
1,621,205.1146,1785766328
1,622,204.07995,1785766478
1,623,205.13,1785766748
1,624,206.20499999,1785768069
1,625,207.26999999,1785770469
1,626,208.44,1785778032
1,627,207.39,1785785924
1,628,206.11645,1785786884
1,629,207.19235,1785796818
1,630,206.155,1785802369
1,631,207.195,1785808371
1,632,208.26999999,1785828718
1,633,209.3436,1785841442
1,634,210.40785,1785844353
1,635,211.48665,1785850115
1,636,209.91,1785851795
1,637,211.06025,1785863109
1,638,212.18,1785867701
1,639,210.9778,1785874573
1,640,209.8857,1785874873
1,641,210.94105,1785875173
1,642,209.86065,1785875743
1,643,211.1894,1785876073
1,644,212.3258,1785876283
1,645,213.43045,1785877184
1,646,214.6222,1785877424
1,647,215.7514,1785878024
1,648,216.914,1785878204
1,649,215.7639,1785878384
1,650,216.90075,1785884926
1,651,215.78,1785893178
1,652,216.86,1785905812
1,653,215.72315,1785919197
1,654,217.12105,1785936499
1,655,218.72265,1785936649
1,656,219.87,1785937099
1,657,220.9698,1785937219
1,658,219.7869,1785937519
1,659,221.1491,1785938360
1,660,219.8854,1785940310
1,661,218.4823,1785941661
1,662,219.6938,1785942771
1,663,218.59,1785945472
1,664,219.725,1785945862
1,665,220.82405,1785947122
1,666,221.95925,1785956485
1,667,220.77115,1785958556
1,668,219.6285,1785960116
1,669,220.7727,1785969212
1,670,219.655,1785977672
1,671,218.51999999,1785979040
1,672,219.635,1785982701
1,673,218.4738,1786004038
1,674,219.58995,1786005058
1,675,220.739,1786015621
1,676,222.0191,1786016221
1,677,220.8814,1786018622
1,678,222.08115,1786019793
1,679,220.96975,1786021984
1,680,222.1097,1786023304
1,681,223.27115,1786023514
1,682,222.095,1786023844
1,683,223.39499999,1786024144
1,684,222.25,1786024744
1,685,221.04,1786026005
1,686,219.88045,1786026425
1,687,218.6847,1786028496
1,688,217.58999999,1786030626
1,689,218.78765,1786033448
1,690,219.89999999,1786039539
1,691,218.79,1786045901
1,692,219.94,1786061115
1,693,218.78,1786067478
1,694,219.9096,1786090584
1,695,221.0292,1786106279
1,696,222.26845,1786109610
1,697,221.0827,1786111951
1,698,222.2,1786112431
1,699,223.315,1786112941
1,700,224.615,1786116392
1,701,223.48445,1786118583
1,702,222.27125,1786120023
1,703,223.705,1786132537
1,704,224.17,1786320031
1,705,225.4112,1786348990
1,706,224.28055,1786361106
1,707,223.13015,1786364587
1,708,221.9607,1786370199
1,709,220.82865,1786371789
1,710,219.545,1786374010
1,711,218.435,1786379411
1,712,217.09,1786379831
1,713,218.235,1786381872
1,714,219.375,1786388954
1,715,218.185,1786391505
1,716,219.32855,1786393276
1,717,218.1581,1786406269
1,718,219.32,1786411011
1,719,220.4172,1786450250
1,720,221.5556,1786453461
1,721,220.23465,1786455352
1,722,219.07,1786456732
1,723,220.26,1786457812
1,724,219.135,1786458833
1,725,220.32999999,1786460183
1,726,219.19625,1786461114
1,727,218.1,1786466996
1,728,216.9096,1786468363
1,729,218.0,1786476916
1,730,219.14125,1786522110
1,731,220.30705,1786538435
1,732,221.4467,1786541465
1,733,222.59429999,1786542516
1,734,223.84,1786543296
1,735,222.71335,1786543987
1,736,223.85505,1786544767
1,737,224.975,1786545967
1,738,223.8471,1786546507
1,739,222.7,1786563042
1,740,223.825,1786564632
1,741,224.955,1786627283
1,742,226.7818,1786628034
1,743,225.33499999,1786628364
1,744,224.14499999,1786635176
1,745,225.305,1786638387
1,746,226.5585,1786714116
1,747,225.14499999,1786714687
1,748,226.47905,1786715137
1,749,225.20999999,1786717117
1,750,226.505,1786718798
1,751,225.305,1786721049
1,752,225.02999999,1786924822
1,753,226.175,1786948498
1,754,227.465,1786979803
1,755,226.29,1786986886
1,756,225.145,1786996428
1,757,223.965,1787019222
1,758,222.82,1787021760
1,759,221.68455,1787040186
1,760,220.5755,1787043157
1,761,219.45,1787061372
1,762,220.7475,1787061822
1,763,219.525,1787062212
1,764,218.325,1787098584
1,765,219.435,1787100444
1,766,220.58275,1787126762
1,767,221.78565,1787145758
1,768,220.5853,1787146748
1,769,219.4491,1787146898
1,770,218.02915,1787147528
1,771,216.89999999,1787149359
1,772,218.02499999,1787149779
1,773,219.17705,1787150259
1,774,220.3324,1787155630
1,775,219.2013,1787157131
1,776,217.985,1787169044
1,777,219.12,1787187530
1,778,217.98645,1787214928
1,779,216.86635,1787227862
1,780,217.9611,1787230864
1,781,219.055,1787232994
1,782,217.73,1787233774
1,783,218.87995,1787237105
1,784,217.755,1787237435
1,785,216.6659,1787240016
1,786,217.90499999,1787245208
1,787,216.7739,1787246198
1,788,217.86,1787279367
1,789,216.62935,1787302984
1,790,215.04925,1787303285
1,791,213.24035,1787303404
1,792,214.7721,1787303495
1,793,216.02115,1787303855
1,794,217.1183,1787306165
1,795,218.2085,1787311477
1,796,216.9805,1787318739
1,797,218.6425,1787318919
1,798,217.38255,1787319039
1,799,218.53,1787319189
1,800,217.3694,1787319339
1,801,216.195,1787320360
1,802,214.79,1787322310
1,803,215.89,1787325881
1,804,214.805,1787332933
1,805,215.88,1787334704
1,806,214.705,1787342266
1,807,217.225,1787529639
1,808,216.125,1787537292
1,809,215.04,1787551546
1,810,213.8421,1787569240
1,811,214.98075,1787575182
1,812,213.8718,1787578363
1,813,212.78895,1787578603
1,814,211.595,1787578873
1,815,210.35545,1787579023
1,816,209.1268,1787579503
1,817,210.21499999,1787582084
1,818,209.0816,1787583945
1,819,210.1413,1787585866
1,820,209.04995,1787600060
1,821,207.91,1787601170
1,822,208.995,1787618696
1,823,210.07999999,1787634000
1,824,211.2249,1787648705
1,825,210.13485,1787655727
1,826,211.1971,1787660138
1,827,212.60115,1787665300
1,828,214.0725,1787665750
1,829,212.99,1787667820
1,830,211.8839,1787668211
1,831,210.7,1787670162
1,832,211.7791,1787673557
1,833,212.86365,1787683011
1,834,211.765,1787685561
1,835,212.8887,1787687692
1,836,213.9698,1787694444
1,837,212.89499999,1787704707
1,838,213.96,1787712510
1,839,212.8666,1787744439
1,840,211.294,1787751342
1,841,212.375,1787751851
1,842,213.473,1787752002
1,843,212.225,1787752272
1,844,211.075,1787754012
1,845,209.885,1787760932
1,846,210.945,1787769214
1,847,209.875,1787773355
1,848,210.9741,1787775576
1,849,208.0081,1787775636
1,850,206.28045,1787775696
1,851,204.97015,1787775756
1,852,207.30215,1787775846
1,853,208.35345,1787775906
1,854,206.92345,1787776026
1,855,205.70765,1787776326
1,856,206.817,1787776566
1,857,207.98935,1787776776
1,858,206.7551,1787776986
1,859,208.0562,1787777196
1,860,209.5432,1787777408
1,861,210.86845,1787778217
1,862,212.71425,1787778246
1,863,214.44485,1787778276
1,864,215.6202,1787778336
1,865,216.81635,1787778396
1,866,217.9274,1787778427
1,867,219.431,1787778516
1,868,218.31485,1787778667
1,869,216.2677,1787779086
1,870,218.0572,1787779207
1,871,219.3181,1787779477
1,872,218.05005,1787779567
1,873,219.3497,1787780107
1,874,220.66955,1787781277
1,875,218.8865,1787781398
1,876,217.65435,1787782988
1,877,218.78415,1787784398
1,878,219.89,1787794031
1,879,221.125,1787794751
1,880,219.835,1787811166
1,881,221.1,1787814347
1,882,222.2295,1787817738
1,883,223.3444,1787818278
1,884,224.666,1787819209
1,885,226.2373,1787820499
1,886,225.0458,1787821579
1,887,223.8743,1787828241
1,888,222.74735,1787829832
1,889,221.5652,1787835263
1,890,222.8607,1787836013
1,891,224.055,1787837484
1,892,222.805,1787837694
1,893,224.6517,1787838054
1,894,222.9552,1787838474
1,895,224.3787,1787838804
1,896,225.6,1787839885
1,897,224.45675,1787840665
1,898,225.90955,1787840845
1,899,224.755,1787841475
1,900,225.88,1787842525
1,901,227.09495,1787842975
1,902,225.88,1787843185
1,903,227.19,1787846967
1,904,228.3939,1787848077
1,905,229.56425,1787848767
1,906,228.4001,1787853509
1,907,227.2534,1787855069
1,908,226.0274,1787855639
1,909,227.18845,1787858552
1,910,228.4325,1787859362
1,911,227.2723,1787860922
1,912,226.0809,1787867795
1,913,227.28895,1787915960
1,914,228.43695,1787922501
1,915,227.0797,1787923731
1,916,228.915,1787924482
1,917,227.4009,1787924752
1,918,225.7477,1787925022
1,919,224.59205,1787926012
1,920,225.72,1787928263
1,921,224.4858,1787929943
1,922,223.16075,1787931654
1,923,221.945,1787932374
1,924,220.815,1787932885
1,925,219.35005,1787936455
1,926,218.21499999,1787936845
1,927,219.33435,1787938617
1,928,218.225,1787941557
1,929,216.99,1787943327
1,930,218.15545,1787946989
1,931,216.375,1788134454
1,932,217.575,1788136614
1,933,218.675,1788155970
1,934,217.32085,1788183219
1,935,218.51625,1788184299
1,936,219.755,1788185529
1,937,218.61,1788201224
1,938,219.705,1788204555
1,939,221.085,1788206386
1,940,219.915,1788221775
1,941,218.7804,1788251094
1,942,217.64475,1788253585
1,943,215.4406,1788269550
1,944,216.6306,1788270691
1,945,217.8763,1788271651
1,946,218.97465,1788276662
1,947,220.11445,1788277982
1,948,219.00465,1788282171
1,949,217.8546,1788285412
1,950,216.6826,1788288203
1,951,217.815,1788289913
1,952,216.72,1788292494
1,953,217.885,1788308609
1,954,216.7894,1788339188
1,955,217.9685,1788350862
1,956,219.37,1788355873
1,957,221.23535,1788357584
1,958,222.5392,1788358064
1,959,223.65395,1788359804
1,960,224.95915,1788361455
1,961,226.27515,1788361935
1,962,227.635,1788364186
1,963,226.495,1788367397
1,964,225.22,1788368867
1,965,224.0136,1788377780
1,966,225.14395,1788384472
1,967,226.275,1788409589
1,968,225.135,1788412770
1,969,223.93435,1788435697
1,970,225.05545,1788438638
1,971,226.22065,1788441296
1,972,227.57999999,1788442797
1,973,228.8244,1788443427
1,974,227.665,1788443847
1,975,226.47535,1788446097
1,976,227.70499999,1788449308
1,977,228.95999999,1788457231
1,978,230.285,1788457981
1,979,229.11705,1788464343
1,980,230.28,1788497833
1,981,231.48995,1788516679
1,982,230.16175,1788526071
1,983,230.26205,1788526222
1,984,230.29955,1788526371
1,985,231.48675,1788528172
1,986,230.115,1788528623
1,987,231.315,1788528742
1,988,232.75555,1788529103
1,989,234.0786,1788529703
1,990,232.85515,1788533634
1,991,232.79695,1788533784
1,992,232.7046,1788533874
1,993,231.4583,1788535890
1,994,230.23665,1788543984
1,995,231.08080248,1788825654
1,996,232.405,1788831896
1,997,231.165,1788850532
1,998,232.32195,1788871795
1,999,233.4975,1788874346
1,1000,232.22,1788874466
1,1001,230.7185,1788874556
1,1002,229.41495,1788875246
1,1003,228.26165,1788876326
1,1004,227.055,1788878907
1,1005,225.89,1788884369
1,1006,224.6775,1788947763
1,1007,225.8147,1788961147
1,1008,224.615,1788961898
1,1009,223.4848,1788980683
1,1010,222.36373377,1789041062
1,1011,221.2078885,1789043853
1,1012,219.49846445,1789047184
1,1013,218.34206876,1789048145
1,1014,219.60594771,1789074073
1,1015,218.50599573,1789081485
1,1016,219.71518231,1789107293
1,1017,220.97190572,1789131155
1,1018,219.73019394,1789133556
1,1019,220.90110088,1789134846
1,1020,222.03928247,1789136887
1,1021,220.74598073,1789137157
1,1022,219.50036593,1789138537
1,1023,220.63089157,1789139888
1,1024,219.48000015,1789143549
1,1025,218.29793457,1789157023
1,1026,215.86219795,1789344029
1,1027,214.72631815,1789345379
1,1028,213.63547322,1789369836
1,1029,212.53542117,1789375748
1,1030,211.39914105,1789377788
1,1031,212.46326528,1789383567
1,1032,210.75609297,1789392652
1,1033,209.55396185,1789392802
1,1034,210.86893037,1789393672
1,1035,211.93915933,1789399974
1,1036,210.86557778,1789416154
1,1037,211.92775049,1789418195
1,1038,213.04386499,1789476946
1,1039,211.92474816,1789483955
1,1040,213.03500813,1789528493
1,1041,214.17253921,1789560423
1,1042,215.30176386,1789566815
1,1043,216.42233181,1789571406
1,1044,215.32278014,1789580379
1,1045,216.53471886,1789582119
1,1046,215.3117716,1789583320
1,1047,214.22392902,1789585000
1,1048,213.08504688,1789586051
1,1049,214.17088793,1789587701
1,1050,215.25672898,1789598414
1,1051,216.33756615,1789630103
1,1052,217.42841108,1789635835
1,1053,218.56929476,1789648379
1,1054,219.67214898,1789654501
1,1055,220.78601173,1789701825
1,1056,221.89186828,1789716259
1,1057,220.59086058,1789729253
1,1058,219.48500403,1789733305
1,1059,220.61057585,1789740747
1,1060,219.31552275,1789741887
1,1061,222.44729849,1789761332
1,1062,222.80257368,1789948820
1,1063,223.91843798,1789953441
1,1064,225.04436008,1789983721
1,1065,223.90843023,1789993564
1,1066,222.47136714,1789997436
1,1067,223.59818993,1789997826
1,1068,224.96424802,1789998366
1,1069,223.7403,1789999357
1,1070,224.93567589,1790002542
1,1071,226.09262202,1790008274
1,1072,227.25101926,1790010645
1,1073,228.51199596,1790016827
1,1074,227.3060619,1790020248
1,1075,226.16017434,1790060550
1,1076,227.30305957,1790071130
1,1077,225.97503093,1790083074
1,1078,227.23100376,1790083824
1,1079,229.05741842,1790083914
1,1080,227.83647273,1790084754
1,1081,229.05741842,1790087665
1,1082,227.86849754,1790088235
1,1083,229.02739517,1790089676
1,1084,227.8815076,1790163171
1,1085,229.07918528,1790170584
1,1086,227.84012556,1790172024
1,1087,226.57204336,1790172864
1,1088,225.4246046,1790173225
1,1089,226.77064719,1790175265
1,1090,225.56025967,1790176676
1,1091,224.40181238,1790181718
1,1092,225.54970149,1790186399
1,1093,224.41382169,1790229779
1,1094,223.19802998,1790238061
1,1095,221.87785743,1790256773
1,1096,223.14884188,1790257133
1,1097,221.9719303,1790259144
1,1098,223.25307262,1790266616
1,1099,224.40881781,1790268116
1,1100,225.57472086,1790317336
1,1101,226.72861463,1790343208
1,1102,225.59273482,1790343539
1,1103,224.39080386,1790345159
1,1104,225.59974025,1790352151
1,1105,224.44284417,1790361483
1,1106,225.66018707,1790366165
1,1107,225.27448832,1790553623
1,1108,224.14361239,1790564997
1,1109,222.99892577,1790584803
1,1110,224.36333258,1790586063
1,1111,226.80667509,1790593235
1,1112,228.11668977,1790593386
1,1113,229.45272461,1790593805
1,1114,228.13670528,1790594376
1,1115,226.77064719,1790595216
1,1116,227.96156963,1790596266
1,1117,229.10245331,1790597977
1,1118,230.43848814,1790602238
1,1119,231.93464701,1790602298
1,1120,233.23565471,1790603048
1,1121,232.03872762,1790603528
1,1122,230.77660003,1790604759
1,1123,229.27758896,1790606830
1,1124,230.65865868,1790608180
1,1125,231.83957337,1790612561
1,1126,230.66866643,1790615262
1,1127,229.38267034,1790623785
1,1128,228.20675954,1790644790
1,1129,229.40768973,1790662946
1,1130,230.55858116,1790667418
1,1131,231.80554701,1790688694
1,1132,230.60861992,1790689174
1,1133,229.42270136,1790701388
1,1134,228.17673628,1790704599
1,1135,229.33838605,1790774356
1,1136,230.64865093,1790775166
1,1137,232.0157098,1790776846
1,1138,230.54857341,1790777357
1,1139,229.23255408,1790798303
1,1140,230.40846489,1790826932
1,1141,231.6043912,1790832964
1,1142,230.42347652,1790839716
1,1143,229.14248431,1790861471
1,1144,230.33340675,1790861861
1,1145,231.60939508,1790862672
1,1146,230.23332924,1790863272
1,1147,229.05241455,1790866783
1,1148,230.19930288,1790868014
1,1149,231.40423617,1790872635
1,1150,230.22832536,1790873805
1,1151,231.39663028,1790876476
1,1152,232.5854019,1790928061
1,1153,233.80109268,1790933282
1,1154,235.02303915,1790939708
1,1155,236.22797244,1790944360
1,1156,235.02303915,1790947961
1,1157,236.36307709,1790948111
1,1158,237.55399953,1790948711
1,1159,236.25799569,1790953409
1,1160,235.07207713,1790954220
1,1161,236.24798794,1790957220
1,1162,234.99711907,1790960852
